0.023219955,0
0.026122449,0
0.029024943,0
0.031927438,0
0.034829932,0
0.037732426,0
0.040634921,0
0.043537415,0
0.046439909,0
0.049342404,0
0.052244898,0
0.055147392,0
0.058049887,0
0.060952381,0
0.063854875,0
0.066757370,0
0.069659864,0
0.072562358,0
0.075464853,0
0.078367347,0
0.081269841,0
0.084172336,0
0.087074830,0
0.089977324,0
0.092879819,0
0.095782313,0
0.098684807,0
0.101587302,-102.634
0.104489796,-102.634
0.107392290,-102.634
0.110294785,-102.634
0.113197279,-102.634
0.116099773,-102.634
0.119002268,-102.634
0.121904762,-102.634
0.124807256,-102.634
0.127709751,-102.634
0.130612245,-102.634
0.133514739,-102.634
0.136417234,-102.634
0.139319728,-102.634
0.142222222,-102.634
0.145124717,-102.634
0.148027211,-412.913
0.150929705,-412.913
0.153832200,-410.535
0.156734694,-410.535
0.159637188,-410.535
0.162539683,-410.535
0.165442177,-410.535
0.168344671,-410.535
0.171247166,-410.535
0.174149660,-410.535
0.177052154,-410.535
0.179954649,-410.535
0.182857143,-410.535
0.185759637,-408.17
0.188662132,-408.17
0.191564626,-408.17
0.194467120,-408.17
0.197369615,-408.17
0.200272109,-408.17
0.203174603,-408.17
0.206077098,-408.17
0.208979592,-408.17
0.211882086,-408.17
0.214784580,-408.17
0.217687075,-408.17
0.220589569,-408.17
0.223492063,-408.17
0.226394558,-408.17
0.229297052,-408.17
0.232199546,-410.535
0.235102041,-410.535
0.238004535,-412.913
0.240907029,-410.535
0.243809524,-410.535
0.246712018,-410.535
0.249614512,-408.17
0.252517007,-410.535
0.255419501,-410.535
0.258321995,-408.17
0.261224490,-408.17
0.264126984,-408.17
0.267029478,-408.17
0.269931973,-410.535
0.272834467,-410.535
0.275736961,-410.535
0.278639456,-410.535
0.281541950,-410.535
0.284444444,-410.535
0.287346939,-410.535
0.290249433,-410.535
0.293151927,-410.535
0.296054422,-410.535
0.298956916,-410.535
0.301859410,-410.535
0.304761905,-410.535
0.307664399,-412.913
0.310566893,-410.535
0.313469388,-410.535
0.316371882,-410.535
0.319274376,-410.535
0.322176871,-410.535
0.325079365,-410.535
0.327981859,-410.535
0.330884354,-410.535
0.333786848,-412.913
0.336689342,-412.913
0.339591837,-412.913
0.342494331,-412.913
0.345396825,-412.913
0.348299320,-410.535
0.351201814,-410.535
0.354104308,-410.535
0.357006803,-410.535
0.359909297,-410.535
0.362811791,-410.535
0.365714286,-410.535
0.368616780,-410.535
0.371519274,-410.535
0.374421769,-410.535
0.377324263,-412.913
0.380226757,-412.913
0.383129252,-412.913
0.386031746,-412.913
0.388934240,-412.913
0.391836735,-412.913
0.394739229,-412.913
0.397641723,-412.913
0.400544218,-412.913
0.403446712,-412.913
0.406349206,-412.913
0.409251701,-412.913
0.412154195,-412.913
0.415056689,-412.913
0.417959184,-412.913
0.420861678,-412.913
0.423764172,-412.913
0.426666667,-412.913
0.429569161,-412.913
0.432471655,-412.913
0.435374150,-415.305
0.438276644,-415.305
0.441179138,-415.305
0.444081633,-412.913
0.446984127,-412.913
0.449886621,-412.913
0.452789116,-415.305
0.455691610,-412.913
0.458594104,-412.913
0.461496599,-410.535
0.464399093,-410.535
0.467301587,-410.535
0.470204082,-440
0.473106576,-440
0.476009070,-440
0.478911565,-440
0.481814059,-440
0.484716553,-440
0.487619048,-440
0.490521542,-440
0.493424036,-440
0.496326531,-440
0.499229025,-440
0.502131519,-440
0.505034014,-440
0.507936508,-440
0.510839002,-440
0.513741497,-440
0.516643991,-440
0.519546485,-440
0.522448980,-440
0.525351474,-440
0.528253968,-440
0.531156463,-440
0.534058957,-440
0.536961451,-440
0.539863946,-440
0.542766440,-440
0.545668934,-440
0.548571429,-440
0.551473923,-440
0.554376417,-440
0.557278912,-440
0.560181406,-440
0.563083900,-440
0.565986395,-440
0.568888889,-440
0.571791383,-440
0.574693878,-440
0.577596372,-440
0.580498866,-440
0.583401361,-440
0.586303855,-440
0.589206349,-440
0.592108844,-440
0.595011338,-440
0.597913832,-440
0.600816327,-440
0.603718821,-440
0.606621315,-440
0.609523810,-440
0.612426304,-440
0.615328798,-440
0.618231293,-440
0.621133787,-440
0.624036281,-440
0.626938776,-440
0.629841270,-440
0.632743764,-440
0.635646259,-440
0.638548753,-440
0.641451247,-440
0.644353741,-440
0.647256236,-440
0.650158730,-440
0.653061224,-440
0.655963719,-440
0.658866213,-440
0.661768707,-440
0.664671202,-440
0.667573696,-440
0.670476190,-440
0.673378685,-440
0.676281179,-440
0.679183673,-440
0.682086168,-440
0.684988662,-440
0.687891156,-440
0.690793651,-440
0.693696145,-440
0.696598639,-440
0.699501134,-440
0.702403628,-434.946
0.705306122,-434.946
0.708208617,-434.946
0.711111111,-432.441
0.714013605,-434.946
0.716916100,-434.946
0.719818594,-434.946
0.722721088,-432.441
0.725623583,-434.946
0.728526077,-434.946
0.731428571,-434.946
0.734331066,-434.946
0.737233560,-434.946
0.740136054,-434.946
0.743038549,-434.946
0.745941043,-434.946
0.748843537,-434.946
0.751746032,-437.466
0.754648526,-437.466
0.757551020,-437.466
0.760453515,-437.466
0.763356009,-437.466
0.766258503,-437.466
0.769160998,-437.466
0.772063492,-437.466
0.774965986,-434.946
0.777868481,-434.946
0.780770975,-434.946
0.783673469,-434.946
0.786575964,-434.946
0.789478458,-437.466
0.792380952,-434.946
0.795283447,-434.946
0.798185941,-434.946
0.801088435,-434.946
0.803990930,-434.946
0.806893424,-434.946
0.809795918,-434.946
0.812698413,-432.441
0.815600907,-432.441
0.818503401,-432.441
0.821405896,-434.946
0.824308390,-434.946
0.827210884,-434.946
0.830113379,-432.441
0.833015873,-432.441
0.835918367,-432.441
0.838820862,-432.441
0.841723356,-434.946
0.844625850,-434.946
0.847528345,-434.946
0.850430839,-434.946
0.853333333,-432.441
0.856235828,-432.441
0.859138322,-432.441
0.862040816,-432.441
0.864943311,-432.441
0.867845805,-432.441
0.870748299,-432.441
0.873650794,-432.441
0.876553288,-432.441
0.879455782,-434.946
0.882358277,-434.946
0.885260771,-432.441
0.888163265,-432.441
0.891065760,-432.441
0.893968254,-434.946
0.896870748,-437.466
0.899773243,-437.466
0.902675737,-437.466
0.905578231,-437.466
0.908480726,-437.466
0.911383220,-434.946
0.914285714,-434.946
0.917188209,-434.946
0.920090703,-434.946
0.922993197,-432.441
0.925895692,-432.441
0.928798186,-432.441
0.931700680,-432.441
0.934603175,-429.95
0.937505669,-432.441
0.940408163,-432.441
0.943310658,-432.441
0.946213152,-429.95
0.949115646,-432.441
0.952018141,-432.441
0.954920635,-432.441
0.957823129,-432.441
0.960725624,-432.441
0.963628118,-434.946
0.966530612,-432.441
0.969433107,-432.441
0.972335601,-432.441
0.975238095,-429.95
0.978140590,-432.441
0.981043084,-432.441
0.983945578,-432.441
0.986848073,-440
0.989750567,-440
0.992653061,-440
0.995555556,-440
0.998458050,-440
1.001360544,-440
1.004263039,-440
1.007165533,-440
1.010068027,-440
1.012970522,-440
1.015873016,-440
1.018775510,-440
1.021678005,-440
1.024580499,-440
1.027482993,-440
1.030385488,-440
1.033287982,-440
1.036190476,-440
1.039092971,-440
1.041995465,-440
1.044897959,-440
1.047800454,-440
1.050702948,-440
1.053605442,-440
1.056507937,-440
1.059410431,-440
1.062312925,-440
1.065215420,-412.913
1.068117914,-410.535
1.071020408,-408.17
1.073922902,-408.17
1.076825397,-408.17
1.079727891,-408.17
1.082630385,-410.535
1.085532880,-410.535
1.088435374,-408.17
1.091337868,-408.17
1.094240363,-408.17
1.097142857,-410.535
1.100045351,-410.535
1.102947846,-410.535
1.105850340,-410.535
1.108752834,-412.913
1.111655329,-412.913
1.114557823,-412.913
1.117460317,-410.535
1.120362812,-410.535
1.123265306,-410.535
1.126167800,-410.535
1.129070295,-410.535
1.131972789,-410.535
1.134875283,-412.913
1.137777778,-412.913
1.140680272,-410.535
1.143582766,-410.535
1.146485261,-410.535
1.149387755,-410.535
1.152290249,-410.535
1.155192744,-410.535
1.158095238,-410.535
1.160997732,-412.913
1.163900227,-412.913
1.166802721,-412.913
1.169705215,-412.913
1.172607710,-412.913
1.175510204,-410.535
1.178412698,-410.535
1.181315193,-408.17
1.184217687,-410.535
1.187120181,-410.535
1.190022676,-408.17
1.192925170,-410.535
1.195827664,-410.535
1.198730159,-412.913
1.201632653,-410.535
1.204535147,-410.535
1.207437642,-410.535
1.210340136,-410.535
1.213242630,-410.535
1.216145125,-410.535
1.219047619,-410.535
1.221950113,-410.535
1.224852608,-410.535
1.227755102,-410.535
1.230657596,-410.535
1.233560091,-410.535
1.236462585,-412.913
1.239365079,-412.913
1.242267574,-410.535
1.245170068,-410.535
1.248072562,-410.535
1.250975057,-410.535
1.253877551,-410.535
1.256780045,-410.535
1.259682540,-410.535
1.262585034,-412.913
1.265487528,-410.535
1.268390023,-410.535
1.271292517,-412.913
1.274195011,-412.913
1.277097506,-412.913
1.280000000,-412.913
1.282902494,-412.913
1.285804989,-410.535
1.288707483,-410.535
1.291609977,-412.913
1.294512472,-410.535
1.297414966,-410.535
1.300317460,-410.535
1.303219955,-412.913
1.306122449,-412.913
1.309024943,-415.305
1.311927438,-415.305
1.314829932,-415.305
1.317732426,-415.305
1.320634921,-415.305
1.323537415,-415.305
1.326439909,-415.305
1.329342404,-415.305
1.332244898,-415.305
1.335147392,-415.305
1.338049887,-415.305
1.340952381,-412.913
1.343854875,-412.913
1.346757370,-412.913
1.349659864,-412.913
1.352562358,-412.913
1.355464853,-412.913
1.358367347,-410.535
1.361269841,-410.535
1.364172336,-412.913
1.367074830,-410.535
1.369977324,-412.913
1.372879819,-412.913
1.375782313,-412.913
1.378684807,-410.535
1.381587302,-412.913
1.384489796,-412.913
1.387392290,-412.913
1.390294785,-412.913
1.393197279,-412.913
1.396099773,-410.535
1.399002268,-410.535
1.401904762,-410.535
1.404807256,-412.913
1.407709751,-412.913
1.410612245,-412.913
1.413514739,-412.913
1.416417234,-412.913
1.419319728,-412.913
1.422222222,-412.913
1.425124717,-410.535
1.428027211,-410.535
1.430929705,-410.535
1.433832200,-408.17
1.436734694,-408.17
1.439637188,-408.17
1.442539683,-408.17
1.445442177,-408.17
1.448344671,-408.17
1.451247166,-408.17
1.454149660,-408.17
1.457052154,-408.17
1.459954649,-408.17
1.462857143,-408.17
1.465759637,-408.17
1.468662132,-408.17
1.471564626,-408.17
1.474467120,-410.535
1.477369615,-408.17
1.480272109,-410.535
1.483174603,-410.535
1.486077098,-440
1.488979592,-440
1.491882086,-440
1.494784580,-440
1.497687075,-440
1.500589569,-440
1.503492063,-440
1.506394558,-440
1.509297052,-440
1.512199546,-440
1.515102041,-440
1.518004535,-440
1.520907029,-440
1.523809524,-440
1.526712018,-440
1.529614512,-440
1.532517007,-440
1.535419501,-440
1.538321995,-440
1.541224490,-440
1.544126984,-440
1.547029478,-440
1.549931973,-440
1.552834467,-440
1.555736961,-440
1.558639456,-440
1.561541950,-440
1.564444444,-440
1.567346939,-440
1.570249433,-440
1.573151927,-440
1.576054422,-440
1.578956916,-440
1.581859410,-440
1.584761905,-440
1.587664399,-440
1.590566893,-440
1.593469388,-440
1.596371882,-440
1.599274376,-440
1.602176871,-440
1.605079365,-440
1.607981859,-440
1.610884354,-440
1.613786848,-440
1.616689342,-440
1.619591837,-440
1.622494331,-440
1.625396825,-440
1.628299320,-440
1.631201814,-440
1.634104308,-440
1.637006803,-440
1.639909297,-440
1.642811791,-440
1.645714286,-440
1.648616780,-440
1.651519274,-440
1.654421769,-440
1.657324263,-440
1.660226757,-440
1.663129252,-440
1.666031746,-440
1.668934240,-440
1.671836735,-440
1.674739229,-440
1.677641723,-440
1.680544218,-440
1.683446712,-440
1.686349206,-440
1.689251701,-440
1.692154195,-440
1.695056689,-440
1.697959184,-440
1.700861678,-440
1.703764172,-440
1.706666667,-440
1.709569161,-440
1.712471655,-440
1.715374150,-440
1.718276644,-440
1.721179138,-440
1.724081633,-440
1.726984127,-440
1.729886621,-440
1.732789116,-440
1.735691610,-440
1.738594104,-440
1.741496599,-440
1.744399093,-440
1.747301587,-440
1.750204082,-440
1.753106576,-440
1.756009070,-440
1.758911565,-440
1.761814059,-440
1.764716553,-440
1.767619048,-440
1.770521542,-440
1.773424036,-440
1.776326531,-440
1.779229025,-440
1.782131519,-440
1.785034014,-440
1.787936508,-440
1.790839002,-440
1.793741497,-440
1.796643991,-440
1.799546485,-440
1.802448980,-440
1.805351474,-440
1.808253968,-440
1.811156463,-440
1.814058957,-440
1.816961451,-440
1.819863946,-440
1.822766440,-440
1.825668934,-440
1.828571429,-440
1.831473923,-440
1.834376417,-440
1.837278912,-440
1.840181406,-440
1.843083900,-440
1.845986395,-440
1.848888889,-440
1.851791383,-440
1.854693878,-440
1.857596372,-440
1.860498866,-440
1.863401361,-440
1.866303855,-440
1.869206349,-440
1.872108844,-440
1.875011338,-440
1.877913832,-440
1.880816327,-440
1.883718821,-440
1.886621315,-440
1.889523810,-440
1.892426304,-440
1.895328798,-440
1.898231293,-440
1.901133787,-440
1.904036281,-440
1.906938776,-440
1.909841270,-440
1.912743764,-440
1.915646259,-440
1.918548753,-440
1.921451247,-440
1.924353741,-440
1.927256236,-440
1.930158730,-440
1.933061224,-440
1.935963719,-440
1.938866213,-440
1.941768707,-440
1.944671202,-440
1.947573696,-440
1.950476190,-440
1.953378685,-440
1.956281179,-440
1.959183673,-440
1.962086168,-440
1.964988662,-440
1.967891156,-440
1.970793651,-410.535
1.973696145,-410.535
1.976598639,-412.913
1.979501134,-412.913
1.982403628,-412.913
1.985306122,-412.913
1.988208617,-412.913
1.991111111,-412.913
1.994013605,-410.535
1.996916100,-410.535
1.999818594,-412.913
2.002721088,-410.535
2.005623583,-410.535
2.008526077,-410.535
2.011428571,-410.535
2.014331066,-410.535
2.017233560,-410.535
2.020136054,-412.913
2.023038549,-412.913
2.025941043,-410.535
2.028843537,-410.535
2.031746032,-410.535
2.034648526,-410.535
2.037551020,-410.535
2.040453515,-410.535
2.043356009,-410.535
2.046258503,-410.535
2.049160998,-412.913
2.052063492,-410.535
2.054965986,-410.535
2.057868481,-408.17
2.060770975,-408.17
2.063673469,-410.535
2.066575964,-410.535
2.069478458,-410.535
2.072380952,-410.535
2.075283447,-410.535
2.078185941,-410.535
2.081088435,-410.535
2.083990930,-412.913
2.086893424,-412.913
2.089795918,-412.913
2.092698413,-410.535
2.095600907,-410.535
2.098503401,-410.535
2.101405896,-440
2.104308390,-440
2.107210884,-440
2.110113379,-440
2.113015873,-440
2.115918367,-440
2.118820862,-440
2.121723356,-440
2.124625850,-440
2.127528345,-440
2.130430839,-440
2.133333333,-440
2.136235828,-440
2.139138322,-440
2.142040816,-440
2.144943311,-440
2.147845805,-440
2.150748299,-440
2.153650794,-440
2.156553288,-440
2.159455782,-440
2.162358277,-440
2.165260771,-440
2.168163265,-440
2.171065760,-440
2.173968254,-440
2.176870748,-440
2.179773243,-440
2.182675737,-440
2.185578231,-440
2.188480726,-440
2.191383220,-440
2.194285714,-440
2.197188209,-440
2.200090703,-440
2.202993197,-440
2.205895692,-440
2.208798186,-440
2.211700680,-440
2.214603175,-440
2.217505669,-440
2.220408163,-440
2.223310658,-440
2.226213152,-440
2.229115646,-440
2.232018141,-440
2.234920635,-440
2.237823129,-440
2.240725624,-440
2.243628118,-440
2.246530612,-440
2.249433107,-440
2.252335601,-440
2.255238095,-440
2.258140590,-440
2.261043084,-440
2.263945578,-440
2.266848073,-440
2.269750567,-440
2.272653061,-440
2.275555556,-440
2.278458050,-440
2.281360544,-440
2.284263039,-440
2.287165533,-440
2.290068027,-440
2.292970522,-440
2.295873016,-440
2.298775510,-440
2.301678005,-440
2.304580499,-440
2.307482993,-440
2.310385488,-440
2.313287982,-440
2.316190476,-440
2.319092971,-440
2.321995465,-440
2.324897959,-440
2.327800454,-440
2.330702948,-440
2.333605442,-440
2.336507937,-440
2.339410431,-440
2.342312925,-440
2.345215420,-440
2.348117914,-440
2.351020408,-440
2.353922902,-440
2.356825397,-440
2.359727891,-440
2.362630385,-440
2.365532880,-440
2.368435374,-440
2.371337868,-440
2.374240363,-440
2.377142857,-440
2.380045351,-440
2.382947846,-440
2.385850340,-440
2.388752834,-440
2.391655329,-440
2.394557823,-440
2.397460317,-440
2.400362812,-440
2.403265306,-440
2.406167800,-440
2.409070295,-440
2.411972789,-440
2.414875283,-440
2.417777778,-440
2.420680272,-440
2.423582766,-440
2.426485261,-440
2.429387755,-440
2.432290249,-440
2.435192744,-440
2.438095238,-440
2.440997732,-440
2.443900227,-440
2.446802721,-440
2.449705215,-440
2.452607710,-440
2.455510204,-440
2.458412698,-440
2.461315193,-440
2.464217687,-440
2.467120181,-440
2.470022676,-440
2.472925170,-440
2.475827664,-440
2.478730159,-440
2.481632653,-440
2.484535147,-440
2.487437642,-440
2.490340136,-440
2.493242630,-440
2.496145125,-440
2.499047619,-440
2.501950113,-440
2.504852608,-440
2.507755102,-440
2.510657596,-440
2.513560091,-440
2.516462585,-440
2.519365079,-440
2.522267574,-440
2.525170068,-440
2.528072562,-440
2.530975057,-440
2.533877551,-440
2.536780045,-440
2.539682540,-440
2.542585034,-440
2.545487528,-440
2.548390023,-440
2.551292517,-440
2.554195011,-440
2.557097506,-440
2.560000000,-440
2.562902494,-440
2.565804989,-440
2.568707483,-440
2.571609977,-440
2.574512472,-440
2.577414966,-440
2.580317460,-440
2.583219955,-440
2.586122449,-440
2.589024943,-440
2.591927438,-440
2.594829932,-440
2.597732426,-440
2.600634921,-440
2.603537415,-440
2.606439909,-440
2.609342404,-440
2.612244898,-440
2.615147392,-440
2.618049887,-440
2.620952381,-440
2.623854875,-440
2.626757370,-440
2.629659864,-440
2.632562358,-440
2.635464853,-440
2.638367347,-440
2.641269841,-440
2.644172336,-440
2.647074830,391.995
2.649977324,394.266
2.652879819,394.266
2.655782313,396.55
2.658684807,396.55
2.661587302,398.847
2.664489796,398.847
2.667392290,398.847
2.670294785,401.158
2.673197279,401.158
2.676099773,403.482
2.679002268,403.482
2.681904762,403.482
2.684807256,403.482
2.687709751,403.482
2.690612245,405.819
2.693514739,408.17
2.696417234,408.17
2.699319728,410.535
2.702222222,410.535
2.705124717,410.535
2.708027211,410.535
2.710929705,410.535
2.713832200,410.535
2.716734694,408.17
2.719637188,405.819
2.722539683,405.819
2.725442177,403.482
2.728344671,401.158
2.731247166,401.158
2.734149660,398.847
2.737052154,398.847
2.739954649,398.847
2.742857143,398.847
2.745759637,398.847
2.748662132,398.847
2.751564626,403.482
2.754467120,403.482
2.757369615,408.17
2.760272109,412.913
2.763174603,412.913
2.766077098,410.535
2.768979592,412.913
2.771882086,412.913
2.774784580,410.535
2.777687075,410.535
2.780589569,410.535
2.783492063,410.535
2.786394558,410.535
2.789297052,408.17
2.792199546,412.913
2.795102041,412.913
2.798004535,415.305
2.800907029,415.305
2.803809524,420.13
2.806712018,422.564
2.809614512,427.474
2.812517007,432.441
2.815419501,427.474
2.818321995,429.95
2.821224490,429.95
2.824126984,427.474
2.827029478,412.913
2.829931973,410.535
2.832834467,410.535
2.835736961,410.535
2.838639456,410.535
2.841541950,412.913
2.844444444,417.711
2.847346939,420.13
2.850249433,420.13
2.853151927,422.564
2.856054422,422.564
2.858956916,422.564
2.861859410,422.564
2.864761905,420.13
2.867664399,420.13
2.870566893,420.13
2.873469388,420.13
2.876371882,420.13
2.879274376,420.13
2.882176871,420.13
2.885079365,420.13
2.887981859,425.012
2.890884354,429.95
2.893786848,432.441
2.896689342,432.441
2.899591837,432.441
2.902494331,432.441
2.905396825,-432.441
2.908299320,-434.946
2.911201814,-437.466
2.914104308,-417.711
2.917006803,-417.711
2.919909297,-420.13
2.922811791,-422.564
2.925714286,-420.13
2.928616780,-420.13
2.931519274,-422.564
2.934421769,-422.564
2.937324263,-422.564
2.940226757,-420.13
2.943129252,-417.711
2.946031746,-420.13
2.948934240,-417.711
2.951836735,-415.305
2.954739229,-415.305
2.957641723,-415.305
2.960544218,-415.305
2.963446712,-415.305
2.966349206,-412.913
2.969251701,-412.913
2.972154195,-410.535
2.975056689,-403.482
2.977959184,-391.995
2.980861678,-391.995
2.983764172,-389.738
2.986666667,-387.493
2.989569161,-385.261
2.992471655,-383.042
2.995374150,-383.042
2.998276644,-383.042
3.001179138,-385.261
3.004081633,-387.493
3.006984127,-389.738
3.009886621,401.158
3.012789116,405.819
3.015691610,408.17
3.018594104,408.17
3.021496599,405.819
3.024399093,408.17
3.027301587,408.17
3.030204082,408.17
3.033106576,405.819
3.036009070,408.17
3.038911565,408.17
3.041814059,412.913
3.044716553,415.305
3.047619048,420.13
3.050521542,420.13
3.053424036,425.012
3.056326531,425.012
3.059229025,427.474
3.062131519,427.474
3.065034014,427.474
3.067936508,427.474
3.070839002,427.474
3.073741497,427.474
3.076643991,427.474
3.079546485,427.474
3.082448980,427.474
3.085351474,427.474
3.088253968,427.474
3.091156463,427.474
3.094058957,429.95
3.096961451,427.474
3.099863946,427.474
3.102766440,427.474
3.105668934,427.474
3.108571429,427.474
3.111473923,427.474
3.114376417,427.474
3.117278912,427.474
3.120181406,427.474
3.123083900,427.474
3.125986395,427.474
3.128888889,427.474
3.131791383,425.012
3.134693878,425.012
3.137596372,425.012
3.140498866,427.474
3.143401361,427.474
3.146303855,432.441
3.149206349,432.441
3.152108844,429.95
3.155011338,429.95
3.157913832,432.441
3.160816327,429.95
3.163718821,432.441
3.166621315,429.95
3.169523810,427.474
3.172426304,427.474
3.175328798,427.474
3.178231293,429.95
3.181133787,427.474
3.184036281,429.95
3.186938776,429.95
3.189841270,429.95
3.192743764,429.95
3.195646259,429.95
3.198548753,432.441
3.201451247,432.441
3.204353741,429.95
3.207256236,425.012
3.210158730,429.95
3.213061224,429.95
3.215963719,427.474
3.218866213,427.474
3.221768707,427.474
3.224671202,429.95
3.227573696,420.13
3.230476190,412.913
3.233378685,412.913
3.236281179,410.535
3.239183673,412.913
3.242086168,412.913
3.244988662,415.305
3.247891156,415.305
3.250793651,415.305
3.253696145,415.305
3.256598639,417.711
3.259501134,415.305
3.262403628,415.305
3.265306122,415.305
3.268208617,415.305
3.271111111,415.305
3.274013605,415.305
3.276916100,415.305
3.279818594,415.305
3.282721088,415.305
3.285623583,417.711
3.288526077,415.305
3.291428571,417.711
3.294331066,417.711
3.297233560,417.711
3.300136054,420.13
3.303038549,422.564
3.305941043,422.564
3.308843537,420.13
3.311746032,420.13
3.314648526,420.13
3.317551020,420.13
3.320453515,420.13
3.323356009,420.13
3.326258503,420.13
3.329160998,417.711
3.332063492,417.711
3.334965986,420.13
3.337868481,420.13
3.340770975,417.711
3.343673469,417.711
3.346575964,415.305
3.349478458,410.535
3.352380952,408.17
3.355283447,408.17
3.358185941,405.819
3.361088435,405.819
3.363990930,408.17
3.366893424,408.17
3.369795918,410.535
3.372698413,410.535
3.375600907,412.913
3.378503401,415.305
3.381405896,417.711
3.384308390,420.13
3.387210884,422.564
3.390113379,425.012
3.393015873,425.012
3.395918367,425.012
3.398820862,422.564
3.401723356,422.564
3.404625850,417.711
3.407528345,415.305
3.410430839,417.711
3.413333333,410.535
3.416235828,412.913
3.419138322,410.535
3.422040816,410.535
3.424943311,412.913
3.427845805,403.482
3.430748299,401.158
3.433650794,396.55
3.436553288,396.55
3.439455782,396.55
3.442358277,398.847
3.445260771,398.847
3.448163265,398.847
3.451065760,401.158
3.453968254,-408.17
3.456870748,-408.17
3.459773243,-408.17
3.462675737,-408.17
3.465578231,-410.535
3.468480726,-412.913
3.471383220,-415.305
3.474285714,-417.711
3.477188209,-420.13
3.480090703,-422.564
3.482993197,-425.012
3.485895692,-425.012
3.488798186,-425.012
3.491700680,-427.474
3.494603175,-427.474
3.497505669,-429.95
3.500408163,-429.95
3.503310658,-432.441
3.506213152,-434.946
3.509115646,-434.946
3.512018141,-437.466
3.514920635,-437.466
3.517823129,-437.466
3.520725624,-437.466
3.523628118,-434.946
3.526530612,-434.946
3.529433107,-434.946
3.532335601,-432.441
3.535238095,-434.946
3.538140590,-434.946
3.541043084,-434.946
3.543945578,-432.441
3.546848073,-429.95
3.549750567,-429.95
3.552653061,-429.95
3.555555556,-429.95
3.558458050,-427.474
3.561360544,-427.474
3.564263039,-427.474
3.567165533,-429.95
3.570068027,-396.55
3.572970522,-394.266
3.575873016,-394.266
3.578775510,-394.266
3.581678005,-394.266
3.584580499,-396.55
3.587482993,-394.266
3.590385488,-394.266
3.593287982,-391.995
3.596190476,-391.995
3.599092971,-389.738
3.601995465,-389.738
3.604897959,-389.738
3.607800454,-387.493
3.610702948,-387.493
3.613605442,-389.738
3.616507937,-389.738
3.619410431,-389.738
3.622312925,-389.738
3.625215420,-389.738
3.628117914,-391.995
3.631020408,-394.266
3.633922902,-394.266
3.636825397,-396.55
3.639727891,-398.847
3.642630385,-396.55
3.645532880,-398.847
3.648435374,-396.55
3.651337868,-396.55
3.654240363,-394.266
3.657142857,-396.55
3.660045351,-396.55
3.662947846,-396.55
3.665850340,-401.158
3.668752834,-415.305
3.671655329,-425.012
3.674557823,-422.564
3.677460317,-425.012
3.680362812,-425.012
3.683265306,-425.012
3.686167800,-425.012
3.689070295,-425.012
3.691972789,-427.474
3.694875283,-427.474
3.697777778,-427.474
3.700680272,-427.474
3.703582766,-429.95
3.706485261,-429.95
3.709387755,-429.95
3.712290249,-427.474
3.715192744,-427.474
3.718095238,-422.564
3.720997732,-420.13
3.723900227,-417.711
3.726802721,-417.711
3.729705215,-415.305
3.732607710,-415.305
3.735510204,-415.305
3.738412698,-417.711
3.741315193,-420.13
3.744217687,-422.564
3.747120181,-422.564
3.750022676,-440
3.752925170,-440
3.755827664,-440
3.758730159,-440
3.761632653,-440
3.764535147,-440
3.767437642,-440
3.770340136,-440
3.773242630,-440
3.776145125,-440
3.779047619,-440
3.781950113,-440
3.784852608,-440
3.787755102,-440
3.790657596,-440
3.793560091,-440
3.796462585,-440
3.799365079,-440
3.802267574,-440
3.805170068,-440
3.808072562,-440
3.810975057,-440
3.813877551,-440
3.816780045,-440
3.819682540,-440
3.822585034,-440
3.825487528,-440
3.828390023,-440
3.831292517,-440
3.834195011,-440
3.837097506,-440
3.840000000,-440
3.842902494,-440
3.845804989,-440
3.848707483,-440
3.851609977,-440
3.854512472,-440
3.857414966,-440
3.860317460,-440
3.863219955,-440
3.866122449,-440
3.869024943,-440
3.871927438,-440
3.874829932,-440
3.877732426,-429.95
3.880634921,-429.95
3.883537415,636.798
3.886439909,636.798
3.889342404,640.487
3.892244898,636.798
3.895147392,636.798
3.898049887,629.484
3.900952381,625.859
3.903854875,622.254
3.906757370,622.254
3.909659864,618.67
3.912562358,622.254
3.915464853,618.67
3.918367347,618.67
3.921269841,417.711
3.924172336,417.711
3.927074830,420.13
3.929977324,422.564
3.932879819,422.564
3.935782313,425.012
3.938684807,427.474
3.941587302,427.474
3.944489796,429.95
3.947392290,429.95
3.950294785,429.95
3.953197279,429.95
3.956099773,429.95
3.959002268,429.95
3.961904762,429.95
3.964807256,432.441
3.967709751,429.95
3.970612245,429.95
3.973514739,432.441
3.976417234,432.441
3.979319728,429.95
3.982222222,429.95
3.985124717,427.474
3.988027211,425.012
3.990929705,422.564
3.993832200,420.13
3.996734694,420.13
3.999637188,415.305
4.002539683,410.535
4.005442177,403.482
4.008344671,401.158
4.011247166,398.847
4.014149660,394.266
4.017052154,391.995
4.019954649,391.995
4.022857143,391.995
4.025759637,389.738
4.028662132,389.738
4.031564626,383.042
4.034467120,380.836
4.037369615,376.462
4.040272109,374.294
4.043174603,372.138
4.046077098,372.138
4.048979592,372.138
4.051882086,372.138
4.054784580,372.138
4.057687075,372.138
4.060589569,374.294
4.063492063,376.462
4.066394558,376.462
4.069297052,376.462
4.072199546,380.836
4.075102041,378.643
4.078004535,385.261
4.080907029,387.493
4.083809524,389.738
4.086712018,391.995
4.089614512,394.266
4.092517007,394.266
4.095419501,396.55
4.098321995,394.266
4.101224490,396.55
4.104126984,401.158
4.107029478,405.819
4.109931973,408.17
4.112834467,410.535
4.115736961,412.913
4.118639456,415.305
4.121541950,417.711
4.124444444,420.13
4.127346939,420.13
4.130249433,422.564
4.133151927,422.564
4.136054422,425.012
4.138956916,425.012
4.141859410,427.474
4.144761905,429.95
4.147664399,429.95
4.150566893,432.441
4.153469388,432.441
4.156371882,432.441
4.159274376,432.441
4.162176871,432.441
4.165079365,432.441
4.167981859,432.441
4.170884354,432.441
4.173786848,432.441
4.176689342,432.441
4.179591837,429.95
4.182494331,432.441
4.185396825,432.441
4.188299320,429.95
4.191201814,429.95
4.194104308,427.474
4.197006803,422.564
4.199909297,425.012
4.202811791,422.564
4.205714286,417.711
4.208616780,412.913
4.211519274,412.913
4.214421769,408.17
4.217324263,408.17
4.220226757,405.819
4.223129252,405.819
4.226031746,401.158
4.228934240,401.158
4.231836735,401.158
4.234739229,398.847
4.237641723,398.847
4.240544218,398.847
4.243446712,398.847
4.246349206,396.55
4.249251701,396.55
4.252154195,398.847
4.255056689,398.847
4.257959184,398.847
4.260861678,396.55
4.263764172,396.55
4.266666667,398.847
4.269569161,398.847
4.272471655,398.847
4.275374150,401.158
4.278276644,401.158
4.281179138,403.482
4.284081633,403.482
4.286984127,403.482
4.289886621,405.819
4.292789116,403.482
4.295691610,405.819
4.298594104,405.819
4.301496599,408.17
4.304399093,408.17
4.307301587,408.17
4.310204082,410.535
4.313106576,410.535
4.316009070,410.535
4.318911565,410.535
4.321814059,410.535
4.324716553,410.535
4.327619048,412.913
4.330521542,415.305
4.333424036,415.305
4.336326531,417.711
4.339229025,415.305
4.342131519,415.305
4.345034014,420.13
4.347936508,420.13
4.350839002,425.012
4.353741497,425.012
4.356643991,425.012
4.359546485,425.012
4.362448980,422.564
4.365351474,422.564
4.368253968,422.564
4.371156463,420.13
4.374058957,417.711
4.376961451,425.012
4.379863946,420.13
4.382766440,420.13
4.385668934,417.711
4.388571429,420.13
4.391473923,420.13
4.394376417,417.711
4.397278912,417.711
4.400181406,417.711
4.403083900,417.711
4.405986395,417.711
4.408888889,415.305
4.411791383,412.913
4.414693878,412.913
4.417596372,412.913
4.420498866,412.913
4.423401361,410.535
4.426303855,408.17
4.429206349,408.17
4.432108844,408.17
4.435011338,415.305
4.437913832,408.17
4.440816327,410.535
4.443718821,415.305
4.446621315,420.13
4.449523810,422.564
4.452426304,422.564
4.455328798,422.564
4.458231293,422.564
4.461133787,422.564
4.464036281,422.564
4.466938776,422.564
4.469841270,425.012
4.472743764,425.012
4.475646259,425.012
4.478548753,378.643
4.481451247,378.643
4.484353741,383.042
4.487256236,383.042
4.490158730,385.261
4.493061224,391.995
4.495963719,394.266
4.498866213,394.266
4.501768707,396.55
4.504671202,398.847
4.507573696,403.482
4.510476190,410.535
4.513378685,410.535
4.516281179,415.305
4.519183673,417.711
4.522086168,417.711
4.524988662,420.13
4.527891156,422.564
4.530793651,427.474
4.533696145,429.95
4.536598639,432.441
4.539501134,434.946
4.542403628,434.946
4.545306122,437.466
4.548208617,442.549
4.551111111,445.113
4.554013605,447.691
4.556916100,452.893
4.559818594,455.517
4.562721088,458.155
4.565623583,458.155
4.568526077,460.809
4.571428571,458.155
4.574331066,458.155
4.577233560,458.155
4.580136054,458.155
4.583038549,458.155
4.585941043,458.155
4.588843537,455.517
4.591746032,455.517
4.594648526,455.517
4.597551020,455.517
4.600453515,455.517
4.603356009,455.517
4.606258503,455.517
4.609160998,452.893
4.612063492,452.893
4.614965986,455.517
4.617868481,455.517
4.620770975,450.285
4.623673469,450.285
4.626575964,455.517
4.629478458,455.517
4.632380952,458.155
4.635283447,458.155
4.638185941,458.155
4.641088435,460.809
4.643990930,455.517
4.646893424,450.285
4.649795918,450.285
4.652698413,447.691
4.655600907,463.479
4.658503401,463.479
4.661405896,463.479
4.664308390,458.155
4.667210884,460.809
4.670113379,460.809
4.673015873,463.479
4.675918367,463.479
4.678820862,466.164
4.681723356,466.164
4.684625850,450.285
4.687528345,587.33
4.690430839,583.947
4.693333333,580.583
4.696235828,583.947
4.699138322,583.947
4.702040816,583.947
4.704943311,597.596
4.707845805,597.596
4.710748299,793.1
4.713650794,793.1
4.716553288,797.695
4.719455782,797.695
4.722358277,797.695
4.725260771,793.1
4.728163265,802.316
4.731065760,811.638
4.733968254,806.964
4.736870748,821.069
4.739773243,825.825
4.742675737,835.421
4.745578231,840.261
4.748480726,845.128
4.751383220,845.128
4.754285714,854.948
4.757188209,850.024
4.760090703,854.948
4.762993197,859.901
4.765895692,859.901
4.768798186,859.901
4.771700680,864.882
4.774603175,864.882
4.777505669,864.882
4.780408163,864.882
4.783310658,859.901
4.786213152,859.901
4.789115646,854.948
4.792018141,864.882
4.794920635,864.882
4.797823129,864.882
4.800725624,859.901
4.803628118,869.892
4.806530612,859.901
4.809433107,869.892
4.812335601,869.892
4.815238095,874.932
4.818140590,869.892
4.821043084,880
4.823945578,880
4.826848073,880
4.829750567,880
4.832653061,864.882
4.835555556,874.932
4.838458050,874.932
4.841360544,869.892
4.844263039,885.098
4.847165533,864.882
4.850068027,864.882
4.852970522,869.892
4.855873016,869.892
4.858775510,864.882
4.861678005,864.882
4.864580499,864.882
4.867482993,864.882
4.870385488,864.882
4.873287982,869.892
4.876190476,869.892
4.879092971,869.892
4.881995465,869.892
4.884897959,869.892
4.887800454,864.882
4.890702948,874.932
4.893605442,874.932
4.896507937,880
4.899410431,880
4.902312925,880
4.905215420,885.098
4.908117914,890.225
4.911020408,890.225
4.913922902,890.225
4.916825397,890.225
4.919727891,890.225
4.922630385,885.098
4.925532880,514.262
4.928435374,514.262
4.931337868,514.262
4.934240363,517.241
4.937142857,517.241
4.940045351,517.241
4.942947846,517.241
4.945850340,517.241
4.948752834,514.262
4.951655329,514.262
4.954557823,514.262
4.957460317,514.262
4.960362812,511.3
4.963265306,514.262
4.966167800,514.262
4.969070295,514.262
4.971972789,517.241
4.974875283,517.241
4.977777778,517.241
4.980680272,520.237
4.983582766,520.237
4.986485261,520.237
4.989387755,523.251
4.992290249,523.251
4.995192744,523.251
4.998095238,523.251
5.000997732,523.251
5.003900227,523.251
5.006802721,526.282
5.009705215,526.282
5.012607710,526.282
5.015510204,529.331
5.018412698,526.282
5.021315193,526.282
5.024217687,526.282
5.027120181,526.282
5.030022676,526.282
5.032925170,526.282
5.035827664,526.282
5.038730159,526.282
5.041632653,523.251
5.044535147,523.251
5.047437642,526.282
5.050340136,511.3
5.053242630,505.427
5.056145125,493.883
5.059047619,517.241
5.061950113,523.251
5.064852608,529.331
5.067755102,523.251
5.070657596,517.241
5.073560091,520.237
5.076462585,517.241
5.079365079,520.237
5.082267574,517.241
5.085170068,514.262
5.088072562,511.3
5.090975057,514.262
5.093877551,511.3
5.096780045,511.3
5.099682540,505.427
5.102585034,508.355
5.105487528,505.427
5.108390023,508.355
5.111292517,508.355
5.114195011,508.355
5.117097506,508.355
5.120000000,508.355
5.122902494,511.3
5.125804989,511.3
5.128707483,511.3
5.131609977,511.3
5.134512472,511.3
5.137414966,511.3
5.140317460,514.262
5.143219955,514.262
5.146122449,514.262
5.149024943,517.241
5.151927438,517.241
5.154829932,517.241
5.157732426,517.241
5.160634921,517.241
5.163537415,517.241
5.166439909,520.237
5.169342404,520.237
5.172244898,520.237
5.175147392,523.251
5.178049887,523.251
5.180952381,523.251
5.183854875,523.251
5.186757370,526.282
5.189659864,529.331
5.192562358,529.331
5.195464853,529.331
5.198367347,532.397
5.201269841,529.331
5.204172336,529.331
5.207074830,529.331
5.209977324,529.331
5.212879819,526.282
5.215782313,529.331
5.218684807,526.282
5.221587302,523.251
5.224489796,523.251
5.227392290,520.237
5.230294785,520.237
5.233197279,520.237
5.236099773,520.237
5.239002268,523.251
5.241904762,520.237
5.244807256,523.251
5.247709751,526.282
5.250612245,529.331
5.253514739,535.482
5.256417234,535.482
5.259319728,535.482
5.262222222,535.482
5.265124717,535.482
5.268027211,532.397
5.270929705,532.397
5.273832200,529.331
5.276734694,532.397
5.279637188,529.331
5.282539683,529.331
5.285442177,532.397
5.288344671,529.331
5.291247166,520.237
5.294149660,517.241
5.297052154,508.355
5.299954649,508.355
5.302857143,508.355
5.305759637,508.355
5.308662132,508.355
5.311564626,511.3
5.314467120,514.262
5.317369615,514.262
5.320272109,520.237
5.323174603,523.251
5.326077098,526.282
5.328979592,529.331
5.331882086,538.584
5.334784580,544.842
5.337687075,551.172
5.340589569,554.365
5.343492063,551.172
5.346394558,554.365
5.349297052,554.365
5.352199546,551.172
5.355102041,551.172
5.358004535,551.172
5.360907029,554.365
5.363809524,557.577
5.366712018,557.577
5.369614512,560.807
5.372517007,557.577
5.375419501,560.807
5.378321995,560.807
5.381224490,564.055
5.384126984,564.055
5.387029478,567.323
5.389931973,567.323
5.392834467,564.055
5.395736961,564.055
5.398639456,564.055
5.401541950,567.323
5.404444444,567.323
5.407346939,564.055
5.410249433,564.055
5.413151927,560.807
5.416054422,560.807
5.418956916,560.807
5.421859410,560.807
5.424761905,560.807
5.427664399,560.807
5.430566893,560.807
5.433469388,557.577
5.436371882,560.807
5.439274376,560.807
5.442176871,557.577
5.445079365,560.807
5.447981859,557.577
5.450884354,557.577
5.453786848,557.577
5.456689342,557.577
5.459591837,557.577
5.462494331,557.577
5.465396825,554.365
5.468299320,551.172
5.471201814,547.998
5.474104308,532.397
5.477006803,526.282
5.479909297,523.251
5.482811791,523.251
5.485714286,523.251
5.488616780,523.251
5.491519274,520.237
5.494421769,517.241
5.497324263,517.241
5.500226757,517.241
5.503129252,517.241
5.506031746,517.241
5.508934240,517.241
5.511836735,517.241
5.514739229,520.237
5.517641723,520.237
5.520544218,520.237
5.523446712,520.237
5.526349206,520.237
5.529251701,520.237
5.532154195,523.251
5.535056689,523.251
5.537959184,523.251
5.540861678,523.251
5.543764172,526.282
5.546666667,529.331
5.549569161,529.331
5.552471655,526.282
5.555374150,529.331
5.558276644,526.282
5.561179138,529.331
5.564081633,529.331
5.566984127,532.397
5.569886621,532.397
5.572789116,532.397
5.575691610,538.584
5.578594104,538.584
5.581496599,535.482
5.584399093,538.584
5.587301587,538.584
5.590204082,538.584
5.593106576,538.584
5.596009070,541.704
5.598911565,541.704
5.601814059,541.704
5.604716553,541.704
5.607619048,538.584
5.610521542,541.704
5.613424036,538.584
5.616326531,535.482
5.619229025,532.397
5.622131519,532.397
5.625034014,529.331
5.627936508,532.397
5.630839002,529.331
5.633741497,532.397
5.636643991,532.397
5.639546485,529.331
5.642448980,529.331
5.645351474,529.331
5.648253968,529.331
5.651156463,538.584
5.654058957,538.584
5.656961451,535.482
5.659863946,535.482
5.662766440,538.584
5.665668934,538.584
5.668571429,538.584
5.671473923,538.584
5.674376417,538.584
5.677278912,538.584
5.680181406,538.584
5.683083900,541.704
5.685986395,541.704
5.688888889,544.842
5.691791383,560.807
5.694693878,564.055
5.697596372,567.323
5.700498866,570.609
5.703401361,577.24
5.706303855,587.33
5.709206349,590.732
5.712108844,594.154
5.715011338,597.596
5.717913832,597.596
5.720816327,601.058
5.723718821,604.54
5.726621315,608.042
5.729523810,611.564
5.732426304,618.67
5.735328798,622.254
5.738231293,625.859
5.741133787,629.484
5.744036281,629.484
5.746938776,633.131
5.749841270,636.798
5.752743764,640.487
5.755646259,640.487
5.758548753,644.198
5.761451247,647.93
5.764353741,647.93
5.767256236,647.93
5.770158730,647.93
5.773061224,647.93
5.775963719,647.93
5.778866213,647.93
5.781768707,647.93
5.784671202,647.93
5.787573696,647.93
5.790476190,647.93
5.793378685,647.93
5.796281179,644.198
5.799183673,644.198
5.802086168,644.198
5.804988662,644.198
5.807891156,644.198
5.810793651,644.198
5.813696145,644.198
5.816598639,651.683
5.819501134,655.458
5.822403628,644.198
5.825306122,647.93
5.828208617,647.93
5.831111111,647.93
5.834013605,655.458
5.836916100,651.683
5.839818594,651.683
5.842721088,647.93
5.845623583,647.93
5.848526077,647.93
5.851428571,647.93
5.854331066,647.93
5.857233560,647.93
5.860136054,647.93
5.863038549,647.93
5.865941043,647.93
5.868843537,647.93
5.871746032,644.198
5.874648526,644.198
5.877551020,644.198
5.880453515,644.198
5.883356009,644.198
5.886258503,644.198
5.889160998,644.198
5.892063492,644.198
5.894965986,644.198
5.897868481,644.198
5.900770975,640.487
5.903673469,640.487
5.906575964,640.487
5.909478458,644.198
5.912380952,640.487
5.915283447,529.331
5.918185941,529.331
5.921088435,529.331
5.923990930,532.397
5.926893424,529.331
5.929795918,529.331
5.932698413,532.397
5.935600907,532.397
5.938503401,532.397
5.941405896,535.482
5.944308390,535.482
5.947210884,535.482
5.950113379,538.584
5.953015873,541.704
5.955918367,538.584
5.958820862,541.704
5.961723356,544.842
5.964625850,547.998
5.967528345,547.998
5.970430839,547.998
5.973333333,551.172
5.976235828,551.172
5.979138322,551.172
5.982040816,551.172
5.984943311,551.172
5.987845805,551.172
5.990748299,551.172
5.993650794,551.172
5.996553288,551.172
5.999455782,551.172
6.002358277,551.172
6.005260771,547.998
6.008163265,547.998
6.011065760,544.842
6.013968254,541.704
6.016870748,541.704
6.019773243,544.842
6.022675737,541.704
6.025578231,538.584
6.028480726,538.584
6.031383220,541.704
6.034285714,541.704
6.037188209,541.704
6.040090703,541.704
6.042993197,541.704
6.045895692,544.842
6.048798186,544.842
6.051700680,551.172
6.054603175,547.998
6.057505669,551.172
6.060408163,551.172
6.063310658,551.172
6.066213152,554.365
6.069115646,551.172
6.072018141,551.172
6.074920635,547.998
6.077823129,547.998
6.080725624,547.998
6.083628118,551.172
6.086530612,547.998
6.089433107,547.998
6.092335601,547.998
6.095238095,547.998
6.098140590,547.998
6.101043084,544.842
6.103945578,544.842
6.106848073,511.3
6.109750567,508.355
6.112653061,505.427
6.115555556,505.427
6.118458050,505.427
6.121360544,502.516
6.124263039,502.516
6.127165533,502.516
6.130068027,502.516
6.132970522,502.516
6.135873016,502.516
6.138775510,502.516
6.141678005,502.516
6.144580499,505.427
6.147482993,505.427
6.150385488,502.516
6.153287982,502.516
6.156190476,502.516
6.159092971,502.516
6.161995465,502.516
6.164897959,502.516
6.167800454,505.427
6.170702948,505.427
6.173605442,505.427
6.176507937,505.427
6.179410431,505.427
6.182312925,505.427
6.185215420,505.427
6.188117914,505.427
6.191020408,505.427
6.193922902,502.516
6.196825397,502.516
6.199727891,502.516
6.202630385,502.516
6.205532880,499.622
6.208435374,499.622
6.211337868,499.622
6.214240363,499.622
6.217142857,496.744
6.220045351,496.744
6.222947846,496.744
6.225850340,493.883
6.228752834,493.883
6.231655329,493.883
6.234557823,493.883
6.237460317,493.883
6.240362812,491.039
6.243265306,491.039
6.246167800,491.039
6.249070295,488.211
6.251972789,488.211
6.254875283,488.211
6.257777778,491.039
6.260680272,491.039
6.263582766,493.883
6.266485261,493.883
6.269387755,493.883
6.272290249,496.744
6.275192744,496.744
6.278095238,496.744
6.280997732,499.622
6.283900227,502.516
6.286802721,502.516
6.289705215,502.516
6.292607710,502.516
6.295510204,502.516
6.298412698,502.516
6.301315193,499.622
6.304217687,499.622
6.307120181,496.744
6.310022676,496.744
6.312925170,496.744
6.315827664,496.744
6.318730159,496.744
6.321632653,496.744
6.324535147,499.622
6.327437642,499.622
6.330340136,499.622
6.333242630,496.744
6.336145125,496.744
6.339047619,496.744
6.341950113,496.744
6.344852608,493.883
6.347755102,496.744
6.350657596,493.883
6.353560091,493.883
6.356462585,491.039
6.359365079,488.211
6.362267574,491.039
6.365170068,491.039
6.368072562,493.883
6.370975057,493.883
6.373877551,493.883
6.376780045,496.744
6.379682540,493.883
6.382585034,493.883
6.385487528,491.039
6.388390023,491.039
6.391292517,493.883
6.394195011,493.883
6.397097506,493.883
6.400000000,493.883
6.402902494,493.883
6.405804989,493.883
6.408707483,493.883
6.411609977,493.883
6.414512472,493.883
6.417414966,493.883
6.420317460,493.883
6.423219955,493.883
6.426122449,491.039
6.429024943,493.883
6.431927438,491.039
6.434829932,491.039
6.437732426,485.399
6.440634921,485.399
6.443537415,485.399
6.446439909,485.399
6.449342404,485.399
6.452244898,485.399
6.455147392,488.211
6.458049887,488.211
6.460952381,488.211
6.463854875,488.211
6.466757370,491.039
6.469659864,493.883
6.472562358,493.883
6.475464853,496.744
6.478367347,496.744
6.481269841,496.744
6.484172336,496.744
6.487074830,-363.638
6.489977324,-363.638
6.492879819,-363.638
6.495782313,-363.638
6.498684807,-361.544
6.501587302,-363.638
6.504489796,-363.638
6.507392290,-363.638
6.510294785,-363.638
6.513197279,-363.638
6.516099773,-363.638
6.519002268,-365.745
6.521904762,-365.745
6.524807256,-363.638
6.527709751,-365.745
6.530612245,-365.745
6.533514739,-365.745
6.536417234,-365.745
6.539319728,-365.745
6.542222222,-365.745
6.545124717,-365.745
6.548027211,-365.745
6.550929705,-365.745
6.553832200,-365.745
6.556734694,-363.638
6.559637188,-363.638
6.562539683,-363.638
6.565442177,-365.745
6.568344671,-367.863
6.571247166,-372.138
6.574149660,-440
6.577052154,-440
6.579954649,-440
6.582857143,-440
6.585759637,-440
6.588662132,-440
6.591564626,237.156
6.594467120,238.53
6.597369615,239.912
6.600272109,241.301
6.603174603,242.699
6.606077098,245.519
6.608979592,248.372
6.611882086,249.811
6.614784580,252.714
6.617687075,252.714
6.620589569,252.714
6.623492063,254.178
6.626394558,254.178
6.629297052,254.178
6.632199546,255.65
6.635102041,255.65
6.638004535,255.65
6.640907029,254.178
6.643809524,254.178
6.646712018,254.178
6.649614512,254.178
6.652517007,254.178
6.655419501,254.178
6.658321995,254.178
6.661224490,254.178
6.664126984,254.178
6.667029478,254.178
6.669931973,254.178
6.672834467,254.178
6.675736961,254.178
6.678639456,254.178
6.681541950,254.178
6.684444444,254.178
6.687346939,255.65
6.690249433,255.65
6.693151927,255.65
6.696054422,255.65
6.698956916,255.65
6.701859410,255.65
6.704761905,255.65
6.707664399,255.65
6.710566893,255.65
6.713469388,254.178
6.716371882,254.178
6.719274376,254.178
6.722176871,252.714
6.725079365,252.714
6.727981859,252.714
6.730884354,252.714
6.733786848,252.714
6.736689342,252.714
6.739591837,252.714
6.742494331,252.714
6.745396825,252.714
6.748299320,252.714
6.751201814,254.178
6.754104308,254.178
6.757006803,254.178
6.759909297,254.178
6.762811791,252.714
6.765714286,252.714
6.768616780,252.714
6.771519274,254.178
6.774421769,254.178
6.777324263,252.714
6.780226757,252.714
6.783129252,252.714
6.786031746,252.714
6.788934240,254.178
6.791836735,252.714
6.794739229,252.714
6.797641723,252.714
6.800544218,254.178
6.803446712,254.178
6.806349206,254.178
6.809251701,254.178
6.812154195,254.178
6.815056689,254.178
6.817959184,254.178
6.820861678,254.178
6.823764172,252.714
6.826666667,252.714
6.829569161,252.714
6.832471655,249.811
6.835374150,251.258
6.838276644,252.714
6.841179138,252.714
6.844081633,252.714
6.846984127,254.178
6.849886621,254.178
6.852789116,254.178
6.855691610,254.178
6.858594104,254.178
6.861496599,254.178
6.864399093,254.178
6.867301587,254.178
6.870204082,254.178
6.873106576,252.714
6.876009070,252.714
6.878911565,252.714
6.881814059,254.178
6.884716553,255.65
6.887619048,254.178
6.890521542,255.65
6.893424036,255.65
6.896326531,257.131
6.899229025,260.119
6.902131519,260.119
6.905034014,261.626
6.907936508,261.626
6.910839002,264.665
6.913741497,266.199
6.916643991,267.741
6.919546485,267.741
6.922448980,267.741
6.925351474,269.292
6.928253968,267.741
6.931156463,269.292
6.934058957,270.852
6.936961451,270.852
6.939863946,270.852
6.942766440,270.852
6.945668934,270.852
6.948571429,269.292
6.951473923,270.852
6.954376417,270.852
6.957278912,272.421
6.960181406,272.421
6.963083900,272.421
6.965986395,272.421
6.968888889,272.421
6.971791383,270.852
6.974693878,270.852
6.977596372,267.741
6.980498866,267.741
6.983401361,267.741
6.986303855,267.741
6.989206349,267.741
6.992108844,266.199
6.995011338,267.741
6.997913832,266.199
7.000816327,266.199
7.003718821,266.199
7.006621315,264.665
7.009523810,264.665
7.012426304,263.141
7.015328798,261.626
7.018231293,261.626
7.021133787,261.626
7.024036281,261.626
7.026938776,260.119
7.029841270,260.119
7.032743764,260.119
7.035646259,258.621
7.038548753,260.119
7.041451247,260.119
7.044353741,260.119
7.047256236,260.119
7.050158730,260.119
7.053061224,260.119
7.055963719,260.119
7.058866213,260.119
7.061768707,261.626
7.064671202,261.626
7.067573696,261.626
7.070476190,263.141
7.073378685,263.141
7.076281179,263.141
7.079183673,263.141
7.082086168,263.141
7.084988662,263.141
7.087891156,263.141
7.090793651,263.141
7.093696145,261.626
7.096598639,261.626
7.099501134,263.141
7.102403628,261.626
7.105306122,261.626
7.108208617,261.626
7.111111111,261.626
7.114013605,263.141
7.116916100,263.141
7.119818594,263.141
7.122721088,263.141
7.125623583,263.141
7.128526077,261.626
7.131428571,261.626
7.134331066,263.141
7.137233560,261.626
7.140136054,263.141
7.143038549,261.626
7.145941043,261.626
7.148843537,261.626
7.151746032,261.626
7.154648526,261.626
7.157551020,266.199
7.160453515,264.665
7.163356009,264.665
7.166258503,263.141
7.169160998,264.665
7.172063492,264.665
7.174965986,264.665
7.177868481,264.665
7.180770975,263.141
7.183673469,263.141
7.186575964,263.141
7.189478458,261.626
7.192380952,261.626
7.195283447,261.626
7.198185941,261.626
7.201088435,261.626
7.203990930,261.626
7.206893424,261.626
7.209795918,261.626
7.212698413,261.626
7.215600907,261.626
7.218503401,261.626
7.221405896,261.626
7.224308390,261.626
7.227210884,261.626
7.230113379,260.119
7.233015873,261.626
7.235918367,260.119
7.238820862,258.621
7.241723356,260.119
7.244625850,258.621
7.247528345,257.131
7.250430839,258.621
7.253333333,257.131
7.256235828,257.131
7.259138322,257.131
7.262040816,258.621
7.264943311,258.621
7.267845805,258.621
7.270748299,260.119
7.273650794,258.621
7.276553288,260.119
7.279455782,261.626
7.282358277,261.626
7.285260771,263.141
7.288163265,263.141
7.291065760,263.141
7.293968254,263.141
7.296870748,263.141
7.299773243,263.141
7.302675737,264.665
7.305578231,266.199
7.308480726,267.741
7.311383220,267.741
7.314285714,269.292
7.317188209,270.852
7.320090703,272.421
7.322993197,275.586
7.325895692,277.183
7.328798186,278.788
7.331700680,280.403
7.334603175,280.403
7.337505669,282.028
7.340408163,282.028
7.343310658,280.403
7.346213152,280.403
7.349115646,278.788
7.352018141,277.183
7.354920635,275.586
7.357823129,273.999
7.360725624,272.421
7.363628118,273.999
7.366530612,272.421
7.369433107,272.421
7.372335601,273.999
7.375238095,272.421
7.378140590,273.999
7.381043084,272.421
7.383945578,272.421
7.386848073,273.999
7.389750567,273.999
7.392653061,273.999
7.395555556,273.999
7.398458050,273.999
7.401360544,273.999
7.404263039,273.999
7.407165533,273.999
7.410068027,272.421
7.412970522,270.852
7.415873016,270.852
7.418775510,266.199
7.421678005,264.665
7.424580499,264.665
7.427482993,264.665
7.430385488,263.141
7.433287982,258.621
7.436190476,263.141
7.439092971,264.665
7.441995465,269.292
7.444897959,272.421
7.447800454,275.586
7.450702948,277.183
7.453605442,278.788
7.456507937,278.788
7.459410431,278.788
7.462312925,278.788
7.465215420,277.183
7.468117914,275.586
7.471020408,277.183
7.473922902,277.183
7.476825397,280.403
7.479727891,282.028
7.482630385,286.957
7.485532880,293.665
7.488435374,295.366
7.491337868,297.077
7.494240363,300.529
7.497142857,300.529
7.500045351,300.529
7.502947846,298.798
7.505850340,298.798
7.508752834,298.798
7.511655329,297.077
7.514557823,297.077
7.517460317,295.366
7.520362812,295.366
7.523265306,291.973
7.526167800,291.973
7.529070295,290.292
7.531972789,288.62
7.534875283,286.957
7.537777778,283.661
7.540680272,282.028
7.543582766,282.028
7.546485261,-440
7.549387755,-440
7.552290249,-440
7.555192744,-440
7.558095238,-440
7.560997732,-440
7.563900227,-440
7.566802721,-440
7.569705215,-440
7.572607710,-440
7.575510204,-440
7.578412698,-440
7.581315193,-440
7.584217687,-440
7.587120181,-440
7.590022676,-440
7.592925170,-440
7.595827664,-440
7.598730159,-440
7.601632653,-440
7.604535147,-440
7.607437642,-440
7.610340136,-440
7.613242630,-440
7.616145125,-440
7.619047619,-440
7.621950113,-440
7.624852608,-440
7.627755102,-440
7.630657596,-440
7.633560091,-440
7.636462585,-440
7.639365079,-440
7.642267574,-440
7.645170068,-440
7.648072562,-440
7.650975057,-440
7.653877551,-440
7.656780045,-440
7.659682540,-440
7.662585034,-440
7.665487528,-440
7.668390023,-440
7.671292517,-440
7.674195011,-440
7.677097506,-440
7.680000000,-440
7.682902494,-440
7.685804989,-440
7.688707483,-440
7.691609977,-440
7.694512472,-440
7.697414966,-440
7.700317460,-440
7.703219955,-440
7.706122449,-440
7.709024943,-440
7.711927438,-412.913
7.714829932,-412.913
7.717732426,-410.535
7.720634921,-410.535
7.723537415,-412.913
7.726439909,-412.913
7.729342404,-412.913
7.732244898,-412.913
7.735147392,-412.913
7.738049887,-412.913
7.740952381,-412.913
7.743854875,-412.913
7.746757370,-412.913
7.749659864,-412.913
7.752562358,-412.913
7.755464853,-412.913
7.758367347,-410.535
7.761269841,-410.535
7.764172336,-410.535
7.767074830,-410.535
7.769977324,-410.535
7.772879819,-412.913
7.775782313,-412.913
7.778684807,-412.913
7.781587302,-412.913
7.784489796,-412.913
7.787392290,-412.913
7.790294785,-412.913
7.793197279,-412.913
7.796099773,-412.913
7.799002268,-412.913
7.801904762,-412.913
7.804807256,-412.913
7.807709751,-412.913
7.810612245,-412.913
7.813514739,-412.913
7.816417234,-412.913
7.819319728,-412.913
7.822222222,-412.913
7.825124717,-412.913
7.828027211,-412.913
7.830929705,-412.913
7.833832200,-410.535
7.836734694,-410.535
7.839637188,-410.535
7.842539683,-408.17
7.845442177,-408.17
7.848344671,-408.17
7.851247166,-408.17
7.854149660,-410.535
7.857052154,-410.535
7.859954649,-410.535
7.862857143,-410.535
7.865759637,-410.535
7.868662132,-410.535
7.871564626,-410.535
7.874467120,-410.535
7.877369615,-412.913
7.880272109,-410.535
7.883174603,-412.913
7.886077098,-412.913
7.888979592,-412.913
7.891882086,-412.913
7.894784580,-412.913
7.897687075,-412.913
7.900589569,-410.535
7.903492063,-410.535
7.906394558,-410.535
7.909297052,-410.535
7.912199546,-410.535
7.915102041,-410.535
7.918004535,-410.535
7.920907029,-412.913
7.923809524,-412.913
7.926712018,-415.305
7.929614512,-415.305
7.932517007,-415.305
7.935419501,-412.913
7.938321995,-412.913
7.941224490,-410.535
7.944126984,-410.535
7.947029478,-412.913
7.949931973,-415.305
7.952834467,-412.913
7.955736961,-412.913
7.958639456,-452.893
7.961541950,-460.809
7.964444444,-463.479
7.967346939,-474.312
7.970249433,-493.883
7.973151927,-496.744
7.976054422,-499.622
7.978956916,-502.516
7.981859410,-502.516
7.984761905,-496.744
7.987664399,-496.744
7.990566893,-491.039
7.993469388,-491.039
7.996371882,-488.211
7.999274376,-488.211
8.002176871,-488.211
8.005079365,-488.211
8.007981859,-488.211
8.010884354,-485.399
8.013786848,-482.603
8.016689342,-479.823
8.019591837,-477.06
8.022494331,-474.312
8.025396825,-471.58
8.028299320,-471.58
8.031201814,-471.58
8.034104308,-477.06
8.037006803,-479.823
8.039909297,-482.603
8.042811791,-485.399
8.045714286,-491.039
8.048616780,-493.883
8.051519274,-496.744
8.054421769,-499.622
8.057324263,-502.516
8.060226757,-505.427
8.063129252,-505.427
8.066031746,-508.355
8.068934240,-514.262
8.071836735,-514.262
8.074739229,-520.237
8.077641723,-523.251
8.080544218,-523.251
8.083446712,-523.251
8.086349206,-526.282
8.089251701,-526.282
8.092154195,-526.282
8.095056689,-526.282
8.097959184,-526.282
8.100861678,-526.282
8.103764172,-523.251
8.106666667,-523.251
8.109569161,-523.251
8.112471655,-520.237
8.115374150,-520.237
8.118276644,-520.237
8.121179138,-517.241
8.124081633,-517.241
8.126984127,-517.241
8.129886621,-514.262
8.132789116,-514.262
8.135691610,-514.262
8.138594104,-514.262
8.141496599,-514.262
8.144399093,-514.262
8.147301587,-520.237
8.150204082,-523.251
8.153106576,-532.397
8.156009070,-532.397
8.158911565,-535.482
8.161814059,-440
8.164716553,-440
8.167619048,-440
8.170521542,-440
8.173424036,-440
8.176326531,-440
8.179229025,-440
8.182131519,-440
8.185034014,-440
8.187936508,-440
8.190839002,-440
8.193741497,-440
8.196643991,-440
8.199546485,-440
8.202448980,-440
8.205351474,-440
8.208253968,-440
8.211156463,-440
8.214058957,-493.883
8.216961451,-496.744
8.219863946,-502.516
8.222766440,-505.427
8.225668934,-505.427
8.228571429,-505.427
8.231473923,-505.427
8.234376417,-505.427
8.237278912,-505.427
8.240181406,-505.427
8.243083900,-502.516
8.245986395,-505.427
8.248888889,-505.427
8.251791383,-502.516
8.254693878,-496.744
8.257596372,-493.883
8.260498866,-496.744
8.263401361,-491.039
8.266303855,-488.211
8.269206349,-482.603
8.272108844,-479.823
8.275011338,-474.312
8.277913832,-471.58
8.280816327,-466.164
8.283718821,-463.479
8.286621315,-458.155
8.289523810,-437.466
8.292426304,-437.466
8.295328798,-437.466
8.298231293,-437.466
8.301133787,-437.466
8.304036281,-437.466
8.306938776,-437.466
8.309841270,-437.466
8.312743764,-429.95
8.315646259,-432.441
8.318548753,-432.441
8.321451247,-432.441
8.324353741,-432.441
8.327256236,-429.95
8.330158730,-429.95
8.333061224,-429.95
8.335963719,-429.95
8.338866213,-429.95
8.341768707,-432.441
8.344671202,-432.441
8.347573696,-434.946
8.350476190,-434.946
8.353378685,-432.441
8.356281179,-432.441
8.359183673,-434.946
8.362086168,-434.946
8.364988662,-432.441
8.367891156,-432.441
8.370793651,-432.441
8.373696145,-434.946
8.376598639,-434.946
8.379501134,-437.466
8.382403628,-485.399
8.385306122,-502.516
8.388208617,-502.516
8.391111111,-254.178
8.394013605,-258.621
8.396916100,-252.714
8.399818594,-482.603
8.402721088,-482.603
8.405623583,-488.211
8.408526077,-485.399
8.411428571,-479.823
8.414331066,-482.603
8.417233560,-479.823
8.420136054,-482.603
8.423038549,-485.399
8.425941043,-493.883
8.428843537,-491.039
8.431746032,-488.211
8.434648526,-488.211
8.437551020,-248.372
8.440453515,-248.372
8.443356009,-249.811
8.446258503,-248.372
8.449160998,-248.372
8.452063492,-248.372
8.454965986,-248.372
8.457868481,-249.811
8.460770975,-249.811
8.463673469,-249.811
8.466575964,-248.372
8.469478458,-248.372
8.472380952,-248.372
8.475283447,-249.811
8.478185941,-249.811
8.481088435,-249.811
8.483990930,-249.811
8.486893424,-248.372
8.489795918,-248.372
8.492698413,-249.811
8.495600907,-248.372
8.498503401,-248.372
8.501405896,-248.372
8.504308390,-248.372
8.507210884,-249.811
8.510113379,-249.811
8.513015873,-249.811
8.515918367,-249.811
8.518820862,-248.372
8.521723356,-248.372
8.524625850,-246.942
8.527528345,-245.519
8.530430839,-488.211
8.533333333,-485.399
8.536235828,-485.399
8.539138322,-482.603
8.542040816,-485.399
8.544943311,-485.399
8.547845805,-488.211
8.550748299,-488.211
8.553650794,-488.211
8.556553288,-488.211
8.559455782,-245.519
8.562358277,-245.519
8.565260771,-245.519
8.568163265,-245.519
8.571065760,-244.105
8.573968254,-244.105
8.576870748,-244.105
8.579773243,-244.105
8.582675737,-485.399
8.585578231,-485.399
8.588480726,-485.399
8.591383220,-485.399
8.594285714,-244.105
8.597188209,-485.399
8.600090703,-244.105
8.602993197,-245.519
8.605895692,-245.519
8.608798186,-245.519
8.611700680,-246.942
8.614603175,-246.942
8.617505669,-440
8.620408163,213.737
8.623310658,213.737
8.626213152,213.737
8.629115646,213.737
8.632018141,214.975
8.634920635,214.975
8.637823129,214.975
8.640725624,214.975
8.643628118,214.975
8.646530612,214.975
8.649433107,214.975
8.652335601,214.975
8.655238095,216.221
8.658140590,216.221
8.661043084,217.473
8.663945578,218.733
8.666848073,218.733
8.669750567,220
8.672653061,220
8.675555556,221.274
8.678458050,221.274
8.681360544,222.556
8.684263039,222.556
8.687165533,222.556
8.690068027,222.556
8.692970522,222.556
8.695873016,222.556
8.698775510,222.556
8.701678005,222.556
8.704580499,222.556
8.707482993,221.274
8.710385488,221.274
8.713287982,221.274
8.716190476,221.274
8.719092971,221.274
8.721995465,221.274
8.724897959,220
8.727800454,220
8.730702948,218.733
8.733605442,218.733
8.736507937,222.556
8.739410431,218.733
8.742312925,-408.17
8.745215420,-403.482
8.748117914,-398.847
8.751020408,-391.995
8.753922902,-387.493
8.756825397,-387.493
8.759727891,-385.261
8.762630385,-380.836
8.765532880,-378.643
8.768435374,-374.294
8.771337868,-374.294
8.774240363,-376.462
8.777142857,-376.462
8.780045351,-374.294
8.782947846,-374.294
8.785850340,-369.994
8.788752834,-372.138
8.791655329,-376.462
8.794557823,-376.462
8.797460317,-378.643
8.800362812,-378.643
8.803265306,-380.836
8.806167800,-383.042
8.809070295,-385.261
8.811972789,-385.261
8.814875283,-385.261
8.817777778,-387.493
8.820680272,-389.738
8.823582766,-389.738
8.826485261,-389.738
8.829387755,-389.738
8.832290249,-389.738
8.835192744,-389.738
8.838095238,-394.266
8.840997732,-401.158
8.843900227,-440
8.846802721,-440
8.849705215,-440
8.852607710,-440
8.855510204,-440
8.858412698,-440
8.861315193,-440
8.864217687,-440
8.867120181,-440
8.870022676,-372.138
8.872925170,-372.138
8.875827664,-372.138
8.878730159,-372.138
8.881632653,-374.294
8.884535147,-372.138
8.887437642,-372.138
8.890340136,-372.138
8.893242630,-372.138
8.896145125,-372.138
8.899047619,-372.138
8.901950113,-372.138
8.904852608,-372.138
8.907755102,-374.294
8.910657596,-374.294
8.913560091,-380.836
8.916462585,-380.836
8.919365079,-383.042
8.922267574,-380.836
8.925170068,-387.493
8.928072562,-383.042
8.930975057,-378.643
8.933877551,-376.462
8.936780045,-376.462
8.939682540,-374.294
8.942585034,-374.294
8.945487528,-376.462
8.948390023,-372.138
8.951292517,-372.138
8.954195011,-372.138
8.957097506,-372.138
8.960000000,-374.294
8.962902494,-374.294
8.965804989,-374.294
8.968707483,-374.294
8.971609977,-383.042
8.974512472,-383.042
8.977414966,-387.493
8.980317460,-389.738
8.983219955,-387.493
8.986122449,-389.738
8.989024943,-385.261
8.991927438,-387.493
8.994829932,-385.261
8.997732426,-387.493
9.000634921,-389.738
9.003537415,-387.493
9.006439909,-385.261
9.009342404,-383.042
9.012244898,-385.261
9.015147392,-385.261
9.018049887,-387.493
9.020952381,-391.995
9.023854875,-394.266
9.026757370,-396.55
9.029659864,-396.55
9.032562358,-396.55
9.035464853,-398.847
9.038367347,-401.158
9.041269841,-401.158
9.044172336,-403.482
9.047074830,-405.819
9.049977324,-410.535
9.052879819,-412.913
9.055782313,-415.305
9.058684807,-417.711
9.061587302,-417.711
9.064489796,-420.13
9.067392290,-420.13
9.070294785,-420.13
9.073197279,-422.564
9.076099773,-422.564
9.079002268,-425.012
9.081904762,-427.474
9.084807256,-425.012
9.087709751,-427.474
9.090612245,-425.012
9.093514739,-425.012
9.096417234,-425.012
9.099319728,-425.012
9.102222222,-422.564
9.105124717,-420.13
9.108027211,-420.13
9.110929705,-420.13
9.113832200,-420.13
9.116734694,-420.13
9.119637188,-417.711
9.122539683,-417.711
9.125442177,-420.13
9.128344671,-422.564
9.131247166,-425.012
9.134149660,-425.012
9.137052154,-425.012
9.139954649,-425.012
9.142857143,-425.012
9.145759637,-425.012
9.148662132,-422.564
9.151564626,-417.711
9.154467120,-415.305
9.157369615,-408.17
9.160272109,-398.847
9.163174603,-394.266
9.166077098,-389.738
9.168979592,-387.493
9.171882086,-387.493
9.174784580,-389.738
9.177687075,-389.738
9.180589569,-391.995
9.183492063,-391.995
9.186394558,-396.55
9.189297052,-396.55
9.192199546,-422.564
9.195102041,-420.13
9.198004535,-420.13
9.200907029,-422.564
9.203809524,-425.012
9.206712018,-425.012
9.209614512,-427.474
9.212517007,-429.95
9.215419501,-434.946
9.218321995,-440
9.221224490,-442.549
9.224126984,-445.113
9.227029478,-225.142
9.229931973,-227.758
9.232834467,-229.078
9.235736961,-229.078
9.238639456,-229.078
9.241541950,-227.758
9.244444444,-227.758
9.247346939,-227.758
9.250249433,-226.446
9.253151927,-226.446
9.256054422,-226.446
9.258956916,-226.446
9.261859410,-226.446
9.264761905,-225.142
9.267664399,-226.446
9.270566893,-227.758
9.273469388,-227.758
9.276371882,-227.758
9.279274376,-227.758
9.282176871,-227.758
9.285079365,-227.758
9.287981859,-226.446
9.290884354,-226.446
9.293786848,-226.446
9.296689342,-226.446
9.299591837,-226.446
9.302494331,-226.446
9.305396825,-227.758
9.308299320,-227.758
9.311201814,-227.758
9.314104308,-229.078
9.317006803,-227.758
9.319909297,-227.758
9.322811791,-220
9.325714286,-220
9.328616780,-220
9.331519274,-220
9.334421769,-220
9.337324263,-220
9.340226757,-220
9.343129252,-220
9.346031746,-220
9.348934240,-220
9.351836735,-220
9.354739229,-220
9.357641723,-220
9.360544218,-220
9.363446712,-220
9.366349206,-220
9.369251701,-220
9.372154195,-220
9.375056689,-220
9.377959184,-220
9.380861678,-220
9.383764172,-220
9.386666667,-220
9.389569161,-220
9.392471655,-220
9.395374150,-220
9.398276644,-220
9.401179138,-220
9.404081633,-220
9.406984127,-220
9.409886621,-220
9.412789116,-220
9.415691610,-220
9.418594104,-220
9.421496599,-220
9.424399093,-220
9.427301587,-220
9.430204082,-220
9.433106576,-220
9.436009070,-220
9.438911565,-220
9.441814059,-220
9.444716553,-220
9.447619048,-220
9.450521542,-220
9.453424036,-220
9.456326531,-220
9.459229025,-220
9.462131519,-220
9.465034014,-220
9.467936508,-220
9.470839002,-220
9.473741497,-220
9.476643991,-220
9.479546485,-220
9.482448980,-220
9.485351474,-220
9.488253968,-220
9.491156463,252.714
9.494058957,252.714
9.496961451,254.178
9.499863946,257.131
9.502766440,258.621
9.505668934,260.119
9.508571429,263.141
9.511473923,263.141
9.514376417,263.141
9.517278912,263.141
9.520181406,264.665
9.523083900,264.665
9.525986395,264.665
9.528888889,264.665
9.531791383,264.665
9.534693878,264.665
9.537596372,264.665
9.540498866,264.665
9.543401361,264.665
9.546303855,263.141
9.549206349,263.141
9.552108844,263.141
9.555011338,263.141
9.557913832,261.626
9.560816327,261.626
9.563718821,261.626
9.566621315,261.626
9.569523810,261.626
9.572426304,261.626
9.575328798,263.141
9.578231293,263.141
9.581133787,263.141
9.584036281,263.141
9.586938776,263.141
9.589841270,264.665
9.592743764,264.665
9.595646259,266.199
9.598548753,266.199
9.601451247,266.199
9.604353741,266.199
9.607256236,267.741
9.610158730,266.199
9.613061224,267.741
9.615963719,266.199
9.618866213,266.199
9.621768707,264.665
9.624671202,264.665
9.627573696,260.119
9.630476190,258.621
9.633378685,258.621
9.636281179,255.65
9.639183673,257.131
9.642086168,261.626
9.644988662,263.141
9.647891156,264.665
9.650793651,266.199
9.653696145,266.199
9.656598639,266.199
9.659501134,266.199
9.662403628,263.141
9.665306122,263.141
9.668208617,264.665
9.671111111,266.199
9.674013605,263.141
9.676916100,272.421
9.679818594,278.788
9.682721088,282.028
9.685623583,283.661
9.688526077,286.957
9.691428571,291.973
9.694331066,293.665
9.697233560,295.366
9.700136054,295.366
9.703038549,297.077
9.705941043,297.077
9.708843537,297.077
9.711746032,297.077
9.714648526,297.077
9.717551020,297.077
9.720453515,297.077
9.723356009,295.366
9.726258503,295.366
9.729160998,293.665
9.732063492,-263.141
9.734965986,-264.665
9.737868481,-220
9.740770975,-220
9.743673469,-220
9.746575964,-220
9.749478458,-220
9.752380952,-220
9.755283447,-220
9.758185941,-220
9.761088435,-220
9.763990930,-220
9.766893424,-220
9.769795918,-220
9.772698413,-220
9.775600907,-220
9.778503401,-220
9.781405896,-220
9.784308390,-220
9.787210884,-220
9.790113379,-220
9.793015873,-220
9.795918367,-220
9.798820862,-220
9.801723356,-220
9.804625850,-220
9.807528345,-220
9.810430839,-220
9.813333333,-220
9.816235828,-220
9.819138322,-220
9.822040816,-220
9.824943311,-220
9.827845805,-220
9.830748299,-220
9.833650794,-220
9.836553288,-220
9.839455782,-220
9.842358277,-220
9.845260771,-220
9.848163265,-220
9.851065760,-220
9.853968254,-220
9.856870748,-220
9.859773243,-220
9.862675737,-220
9.865578231,-220
9.868480726,-220
9.871383220,-220
9.874285714,-220
9.877188209,-220
9.880090703,-220
9.882993197,-220
9.885895692,-220
9.888798186,-220
9.891700680,-220
9.894603175,-220
9.897505669,-220
9.900408163,-220
9.903310658,-220
9.906213152,-220
9.909115646,-220
9.912018141,-220
9.914920635,-220
9.917823129,-220
9.920725624,-220
9.923628118,-220
9.926530612,-220
9.929433107,-220
9.932335601,-220
9.935238095,-220
9.938140590,-220
9.941043084,-220
9.943945578,-220
9.946848073,-220
9.949750567,-220
9.952653061,-220
9.955555556,-220
9.958458050,-220
9.961360544,-220
9.964263039,-220
9.967165533,-220
9.970068027,-220
9.972970522,-220
9.975873016,-220
9.978775510,-220
9.981678005,-220
9.984580499,-220
9.987482993,-220
